query,before_mean_ms,after_mean_ms,reduction_percent,before_1,before_2,before_3,after_1,after_2,after_3
Q1,0.2838000000000041,0.44346666666676055,-56.26027719054056,0.29799999999977445,0.2369000000003325,0.3164999999999054,0.7997000000000298,0.29870000000028085,0.2319999999999709
Q2,8.601866666666865,6.51299999999992,24.28387636792282,6.825399999999718,10.24200000000019,8.738200000000688,6.031699999999546,7.2304000000003725,6.276899999999841
Q3,0.1697999999999714,0.736666666666982,-333.84373773092227,0.21279999999933352,0.14159999999992579,0.15500000000065484,0.3595000000004802,0.7831999999998516,1.067300000000614
Q4,0.5931666666662446,1.9713999999997516,-232.35178420924208,1.3492999999998574,0.21749999999883585,0.21270000000004075,0.860499999998865,3.936700000000201,1.1170000000001892
Q5,277.1923333333331,275.8945666666671,0.46818274194668774,272.77440000000024,280.3189000000002,278.48369999999886,262.14110000000073,269.8683999999994,295.6742000000013
Q6,213.29889999999918,214.05279999999888,-0.35344767366343177,204.7628999999979,219.51450000000114,215.61929999999847,208.8774999999987,201.01569999999992,232.265199999998
Q7,0.3325666666678444,0.6288000000010167,-89.0748722057101,0.35610000000087894,0.4647000000004482,0.17690000000220607,0.3316000000013446,1.3208000000013271,0.23400000000037835
Q8,9.056033333332985,6.2346333333322645,31.154920660636876,12.395000000000437,7.523199999999633,7.249899999998888,10.821099999997386,3.807700000001205,4.075099999998201
Q9,440.6230666666658,460.52873333333264,-4.517617930730267,441.7332999999999,455.1286,425.0072999999975,402.63700000000244,412.43539999999484,566.5138000000006
Q10,478.7626666666668,498.9535333333333,-4.217301822475683,454.1777000000002,485.5031999999992,496.6071000000011,546.3525999999983,503.88300000000163,446.625
Q11,86.57140000000072,82.30243333333298,4.93115124240534,79.69339999999647,77.48220000000583,102.53859999999986,83.78190000000177,83.96309999999357,79.1623000000036
Q12,83.37549999999949,91.40723333333153,-9.633205597965944,83.91649999999936,84.67760000000271,81.53239999999641,82.99179999999615,88.77040000000125,102.4594999999972
Q13,161.70080000000112,150.40806666666563,6.983721375117136,167.1562000000049,154.03540000000066,163.91079999999783,154.54469999999856,148.53340000000026,148.1460999999981
Q14,468.0075666666671,429.4401333333323,8.24077132086285,477.58950000000186,479.1753000000026,447.2578999999969,449.29060000000027,400.6029999999955,438.4268000000011
Q15,175.8887333333308,172.49673333332854,1.928491914018171,175.99209999999584,181.27249999999913,170.40159999999742,181.35699999998906,168.76230000000214,167.37089999999444
Q16,213.57859999999832,199.60143333333448,6.544273006126988,197.90929999999935,202.9149999999936,239.91150000000198,188.67549999999756,197.53650000000198,212.5923000000039
Q17,627.5592999999984,638.7700333333341,-1.7864022305678073,652.049199999994,624.5474000000104,606.0812999999907,604.1923999999999,644.8179000000091,667.2997999999934
Q18,559.988466666667,605.7473999999978,-8.171406387297765,576.2198999999964,543.5240999999951,560.2214000000095,588.1353999999992,634.0633999999991,595.043399999995
Q19,1021.0430999999953,1011.149833333339,0.9689372237720817,1032.7777999999962,1010.3116000000009,1020.0398999999888,1012.9086000000098,1005.6990000000078,1014.8418999999994
Q20,6.397999999996197,6.093599999997726,4.757736792726675,7.025399999998626,6.275599999993574,5.892999999996391,6.403999999994994,6.034799999993993,5.842000000004191
Q21,271.7297333333311,276.5985000000025,-1.7917680950648274,267.66599999999744,273.4893000000011,274.0338999999949,277.2024999999994,274.6044000000111,277.98859999999695
Q22,96.27780000000105,91.49503333333996,4.967673406186101,99.17250000000058,95.85530000001017,93.80559999999241,93.26420000000508,90.11590000000433,91.10500000001048
Q23,97.16156666666211,110.60459999999148,-13.83575192797084,98.60169999999925,96.92699999999604,95.95599999999104,105.72869999997783,112.8119000000006,113.273199999996
Q24,19.918433333339635,19.59073333332587,1.6452097136839594,20.447199999995064,18.529200000019046,20.778900000004796,21.339199999987613,19.004899999999907,18.42809999999008
Q25,5.383466666661358,3.6810666666715406,31.62274618569503,4.163000000000466,8.690600000001723,3.2967999999818858,4.530500000022585,3.5243999999947846,2.9882999999972526
Q26,3.033799999995002,8.442000000010012,-178.26488232658443,3.213999999978114,2.6283000000112224,3.2590999999956694,12.661099999997532,6.687200000014855,5.977700000017649
Q27,5.539033333334373,3.25036666666468,41.318882356174,4.153300000005402,9.238799999991897,3.2250000000058208,3.255299999989802,3.0139000000199303,3.481899999984307
Q28,405.73490000000066,416.43026666668203,-2.6360479876592624,399.23199999998906,424.45860000001267,393.5141000000003,435.4351000000024,411.2376000000222,402.6181000000215
Q29,6621.68776666666,5791.409800000004,12.538766488601972,6881.796699999977,6189.4054999999935,6793.861100000009,5265.085399999982,5497.4366000000155,6611.707400000014
Q30,3.4166666666666665,3.3781999999967716,1.1258536586310708,3.6735999999800697,3.400900000007823,3.175500000012107,3.7347000000008848,3.221799999999348,3.1780999999900814
Q31,140.69293333333917,136.0480000000001,3.3014688252564817,134.35740000000806,134.43009999999776,153.2913000000117,137.50880000001052,139.20199999999022,131.4331999999995
Q32,176.45063333333624,174.48243333332357,1.115439464756418,177.86069999999017,175.1714000000211,176.31979999999749,175.62210000000778,173.97869999997783,173.8464999999851
Q33,1137.6950333333418,1161.489266666671,-2.091442138374666,1123.3757000000041,1117.3610000000044,1172.3484000000171,1157.6585999999952,1136.0626000000047,1190.7466000000131
Q34,809.8167333333016,850.8367333333396,-5.065343590912819,775.2619999999879,879.2639999999665,774.9241999999504,861.8171000000148,828.8228000000236,861.8702999999805
Q35,794.6674333333503,823.2525000000023,-3.5971106235910044,822.1094000000157,799.9030999999959,761.9898000000394,812.1579999999958,822.7639000000199,834.8355999999912
Q36,129.29300000000512,137.21069999997658,-6.123842744751173,130.4784000000218,128.13589999999385,129.26469999999972,131.93349999998463,130.3006999999634,149.39789999998175
Q37,22.414933333348017,21.595799999990657,3.6544089655563994,23.323399999993853,23.229500000015832,20.691900000034366,21.036099999968428,21.304000000003725,22.447299999999814
Q38,20.352399999993697,20.176433333331563,0.8645990972179662,19.879899999999907,20.4258999999729,20.75140000000829,19.6872999999905,20.837999999988824,20.004000000015367
Q39,8.18253333333026,7.916133333327404,3.255715426391459,7.588999999978114,9.157100000011269,7.801500000001397,7.892200000002049,8.034999999974389,7.821200000005774
Q40,60.27143333334243,60.10916666667132,0.26922649370832996,60.82490000000689,60.10440000001108,59.88500000000931,59.96659999998519,59.70130000001518,60.6596000000136
Q41,4.667900000019775,4.44283333333442,4.821582867764985,4.434399999969173,4.5289000000339,5.040400000056252,4.291499999992084,4.579499999992549,4.4575000000186265
Q42,14.034866666673528,13.642966666666325,2.7923314792707488,14.585000000020955,13.792499999981374,13.727100000018254,13.591799999994691,13.810899999982212,13.526200000022072
Q43,11.546633333355809,12.901166666667754,-11.730980747426889,11.425600000016857,11.442100000043865,11.772200000006706,12.383299999986775,13.84519999998156,12.475000000034925
